masked_id,asof_yyyymm,age,tenure_altered,checking_acct_ct,savings_acct_ct,mortgage_flag,heloc_flag,personal_loan_flag,cc_flag,prot_acct_flag,check_bal_altered,sav_bal_altered,mortgage_bal_altered,heloc_bal_altered,personal_loan_bal_altered,atm_withdrawls_cnt,atm_deposits_cnt,branch_visit_cnt,phone_banker_cnt,mobile_bank_cnt,online_bank_cnt,direct_mail_cnt,direct_email_cnt,direct_phone_cnt
12,201612,90,43.00,2,2,0,0,0,1,0,18471.67,104300.12,0.00,0.00,0.00,0,0,13,0,0,0,0,0,0
12,201611,90,42.92,2,2,0,0,0,1,0,10294.02,107873.38,0.00,0.00,0.00,0,0,11,0,0,1,0,1,3
12,201610,90,42.84,2,2,0,0,0,1,0,9064.87,101798.89,0.00,0.00,0.00,0,0,13,0,0,0,0,0,3
12,201609,89,42.75,2,2,0,0,0,1,0,13502.31,98368.59,0.00,0.00,0.00,0,0,19,0,0,1,0,1,5
12,201608,89,42.67,2,2,0,0,0,1,0,7271.11,360590.25,0.00,0.00,0.00,0,0,12,0,0,0,0,0,2
12,201607,89,42.59,2,2,0,0,0,1,0,6400.79,312735.43,0.00,0.00,0.00,0,0,14,0,0,0,0,0,0
33,201612,54,19.12,4,2,0,0,0,0,0,87012.90,38021.01,0.00,0.00,0.00,0,0,7,0,0,8,0,10,0
33,201611,54,19.03,4,2,0,0,0,0,0,86434.82,38020.97,0.00,0.00,0.00,0,0,12,4,0,11,0,28,2
33,201610,54,18.95,4,2,0,0,0,0,0,86199.56,38020.94,0.00,0.00,0.00,0,0,14,2,0,12,1,15,3
33,201609,54,18.87,4,2,0,0,0,0,0,82621.27,45217.78,0.00,0.00,0.00,0,0,11,0,0,10,1,3,1
33,201608,54,18.79,4,2,0,0,0,0,0,79456.64,45217.69,0.00,0.00,0.00,0,0,9,0,0,13,1,8,0
33,201607,54,18.71,4,2,0,0,0,0,0,74095.86,45217.58,0.00,0.00,0.00,0,0,6,0,0,9,0,9,0
26,201612,56,29.32,3,3,0,0,0,1,0,4727.08,1247.21,0.00,0.00,0.00,0,0,17,0,0,22,0,7,0
26,201611,56,29.24,3,3,0,0,0,1,0,1080.90,3210.25,0.00,0.00,0.00,0,0,15,0,0,23,1,11,0
26,201610,56,29.16,3,3,0,0,0,1,0,2598.70,3230.26,0.00,0.00,0.00,1,0,17,0,0,22,0,8,1
26,201609,56,29.08,3,3,0,0,0,1,0,6384.89,1279.25,0.00,0.00,0.00,0,0,19,0,0,41,1,9,0
26,201608,56,29.00,3,3,0,0,0,1,0,9580.85,12935.36,0.00,0.00,0.00,0,0,12,0,0,29,0,11,1
26,201607,56,28.91,3,3,0,0,0,1,0,21589.38,32455.36,0.00,0.00,0.00,0,0,17,0,0,48,0,6,1
4,201612,45,4.21,1,1,0,0,0,0,0,3988.13,5625.02,0.00,0.00,0.00,5,0,5,4,0,11,1,4,0
4,201611,45,4.14,1,1,0,0,0,0,0,3749.98,6757.40,0.00,0.00,0.00,4,0,3,0,0,5,0,6,0
4,201610,45,4.05,1,1,0,0,0,0,0,4226.51,11480.06,0.00,0.00,0.00,6,0,2,0,0,4,1,4,2
4,201609,45,3.97,1,1,0,0,0,0,0,4464.81,8521.84,0.00,0.00,0.00,4,0,3,0,0,8,0,2,0
4,201608,45,3.89,1,1,0,0,0,0,0,2808.30,12322.14,0.00,0.00,0.00,4,0,2,0,0,11,1,7,0
4,201607,45,3.80,1,1,0,0,0,0,0,5578.52,21258.31,0.00,0.00,0.00,6,0,2,0,0,10,0,3,0
44,201612,36,20.52,2,1,0,0,0,1,0,11665.32,241331.50,0.00,0.00,0.00,1,0,1,0,0,4,0,5,0
44,201611,36,20.44,2,1,0,0,0,1,0,8454.44,241311.01,0.00,0.00,0.00,1,0,1,0,0,5,0,11,0
44,201610,36,20.36,2,1,0,0,0,1,0,4789.53,241291.17,0.00,0.00,0.00,1,0,0,0,0,15,0,6,0
44,201609,36,20.28,2,1,0,0,0,1,0,11113.89,231571.48,0.00,0.00,0.00,2,0,1,0,0,12,0,4,0
44,201608,35,20.20,2,1,0,0,0,1,0,9411.72,231552.45,0.00,0.00,0.00,2,0,1,0,0,13,0,6,0
44,201607,35,20.11,2,1,0,0,0,1,0,7423.71,231532.79,0.00,0.00,0.00,2,0,0,0,0,8,0,8,0
14,201612,72,19.40,1,4,0,1,0,0,0,13438.49,76534.46,0.00,-2.15,0.00,0,0,11,0,0,0,0,0,0
14,201611,72,19.31,1,4,0,1,0,0,0,16660.13,77239.00,0.00,-2.15,0.00,0,0,10,0,0,1,0,1,0
14,201610,72,19.23,1,4,0,1,0,0,0,5383.14,75906.60,0.00,-2.15,0.00,0,0,6,0,0,0,0,1,0
14,201609,72,19.14,1,4,0,1,0,0,0,9351.32,74574.26,0.00,-2.15,0.00,0,0,13,0,0,1,0,1,0
14,201608,72,19.06,1,4,0,1,0,0,0,9101.68,78091.96,0.00,-2.15,0.00,0,0,6,0,0,0,0,0,0
14,201607,72,18.98,1,4,0,1,0,0,0,9072.89,76759.42,0.00,-2.15,0.00,0,0,5,0,0,0,0,0,0
6,201612,65,6.38,2,2,0,0,1,1,0,4556.68,36718.05,0.00,0.00,26740.66,0,0,12,0,0,46,1,0,0
6,201611,65,6.29,2,2,1,0,1,1,0,1764.50,38947.75,88475.82,0.00,27232.45,0,0,11,0,0,18,2,0,0
6,201610,65,6.21,2,2,1,0,1,1,0,1775.18,38906.69,88698.53,0.00,27705.81,1,0,11,0,0,21,2,2,0
6,201609,65,6.13,2,2,1,0,1,1,0,2729.60,38886.00,88920.43,0.00,28235.43,0,0,14,0,0,20,1,0,0
6,201608,65,6.05,2,2,1,0,1,0,0,3745.51,40469.04,89256.93,0.00,28711.70,0,0,6,0,0,14,0,0,0
6,201607,65,5.97,2,2,1,0,1,0,0,3846.85,40420.21,89744.52,0.00,29283.03,0,0,10,0,0,18,1,1,0
41,201612,33,25.32,1,1,0,0,0,0,0,14959.20,29320.74,0.00,0.00,0.00,0,0,18,0,0,53,0,6,0
41,201611,33,25.24,1,1,0,0,0,0,0,19301.08,29320.51,0.00,0.00,0.00,0,0,14,0,0,43,0,9,0
41,201610,33,25.16,1,1,0,0,0,0,0,7402.80,29247.52,0.00,0.00,0.00,0,0,11,0,0,49,0,17,0
41,201609,33,25.08,1,1,0,0,0,0,0,7516.73,29174.52,0.00,0.00,0.00,0,0,17,0,0,69,0,7,0
41,201608,33,24.99,1,1,0,0,0,0,0,13567.09,33951.45,0.00,0.00,0.00,0,0,15,0,0,77,0,14,0
41,201607,33,24.91,1,1,0,0,0,0,0,6933.37,46368.08,0.00,0.00,0.00,1,0,8,0,0,71,0,14,0
20,201612,43,21.40,1,1,0,0,0,0,0,3074.20,59174.02,0.00,0.00,0.00,3,0,6,0,0,74,0,3,0
20,201611,43,21.32,1,1,0,0,0,0,0,3187.07,60143.55,0.00,0.00,0.00,4,0,5,0,0,72,1,9,0
20,201610,43,21.24,1,1,0,0,0,0,0,2358.28,60143.02,0.00,0.00,0.00,10,0,8,0,0,87,1,12,0
20,201609,43,21.16,1,1,0,0,0,0,0,3041.48,60627.53,0.00,0.00,0.00,2,0,7,0,0,74,1,6,0
20,201608,43,21.07,1,1,0,0,0,0,0,627.79,66446.94,0.00,0.00,0.00,6,0,6,0,0,125,0,11,0
20,201607,43,20.99,1,1,0,0,0,0,0,1778.89,63051.97,0.00,0.00,0.00,4,0,5,0,0,87,2,11,0
39,201612,43,28.68,2,1,0,0,0,0,0,29036.97,304232.41,0.00,0.00,0.00,0,0,1,2,0,10,0,1,0
39,201611,43,28.60,2,1,0,0,0,0,0,29070.86,304219.48,0.00,0.00,0.00,0,0,2,0,0,23,0,3,0
39,201610,43,28.52,2,1,0,0,0,0,0,31854.87,304206.98,0.00,0.00,0.00,0,0,1,0,0,28,0,1,0
39,201609,43,28.43,2,1,0,0,0,0,0,33154.25,304183.24,0.00,0.00,0.00,0,0,2,0,0,35,0,1,0
39,201608,43,28.35,2,1,0,0,0,0,0,34735.49,304145.74,0.00,0.00,0.00,0,0,3,0,0,34,0,1,0
39,201607,43,28.26,2,1,0,0,0,0,0,36313.45,304106.99,0.00,0.00,0.00,2,0,6,0,0,21,0,0,0
27,201612,22,1.43,1,1,0,0,0,1,0,153.87,87644.80,0.00,0.00,0.00,0,0,0,0,0,16,0,4,0
27,201611,22,1.35,1,1,0,0,0,1,0,95.98,88592.46,0.00,0.00,0.00,0,0,0,0,0,11,0,5,0
27,201610,22,1.27,1,1,0,0,0,1,0,434.72,89263.56,0.00,0.00,0.00,0,0,0,1,0,11,0,9,0
27,201609,22,1.19,1,1,0,0,0,1,0,259.62,89516.98,0.00,0.00,0.00,0,0,0,1,0,16,0,8,0
27,201608,21,1.11,1,1,0,0,0,1,0,106.53,87942.06,0.00,0.00,0.00,0,6,0,0,0,50,0,17,0
27,201607,21,1.02,1,1,0,0,0,1,0,168.86,87590.93,0.00,0.00,0.00,0,0,0,0,0,22,0,15,0
35,201612,56,16.07,4,3,0,1,0,1,0,21141.45,18350.16,0.00,-2.15,0.00,3,0,4,0,0,36,1,1,0
35,201611,56,15.99,4,3,0,1,0,1,0,10088.55,21890.86,0.00,-2.15,0.00,4,0,5,3,0,36,0,1,3
35,201610,55,15.91,4,3,0,1,0,1,0,8694.15,23378.91,0.00,-2.15,0.00,3,0,1,2,0,33,0,0,1
35,201609,55,15.83,4,3,0,1,0,1,0,9361.18,27452.31,0.00,-2.15,0.00,3,0,9,2,0,40,1,1,0
35,201608,55,15.75,4,3,0,1,0,1,0,7375.72,33593.33,0.00,-2.15,0.00,6,0,4,0,0,56,0,0,2
35,201607,55,15.66,4,3,0,1,0,1,0,21467.48,42385.61,0.00,-2.15,0.00,6,0,11,0,0,56,0,0,0
5,201612,36,13.76,1,0,0,0,0,0,0,2179.39,0.00,0.00,0.00,0.00,0,0,4,3,0,30,1,2,0
5,201611,36,13.67,1,1,0,0,0,0,0,793.94,3786.99,0.00,0.00,0.00,0,0,1,0,0,26,1,7,2
5,201610,36,13.59,1,1,0,0,0,0,0,1213.56,4853.88,0.00,0.00,0.00,2,0,5,0,0,35,0,10,1
5,201609,35,13.51,1,1,0,0,0,0,0,2387.45,5144.76,0.00,0.00,0.00,0,0,3,0,0,47,1,3,3
5,201608,35,13.43,1,1,0,0,0,0,0,1335.79,49667.20,0.00,0.00,0.00,1,0,0,0,0,45,0,3,0
5,201607,35,13.35,1,1,0,0,0,0,0,2577.28,49471.93,0.00,0.00,0.00,0,0,1,3,0,60,1,9,4
21,201612,80,25.93,2,2,0,0,0,1,0,5094.09,180818.47,0.00,0.00,0.00,2,0,6,0,0,4,0,4,0
21,201611,80,25.85,2,2,0,0,0,1,0,7914.08,182980.03,0.00,0.00,0.00,0,0,7,0,0,5,0,6,1
21,201610,80,25.77,2,2,0,0,0,1,0,8881.19,181158.19,0.00,0.00,0.00,0,0,5,0,0,4,0,18,0
21,201609,80,25.69,2,2,0,0,0,1,0,12715.61,176579.29,0.00,0.00,0.00,1,0,6,1,0,6,0,10,0
21,201608,80,25.61,2,2,0,0,0,1,0,12806.52,185106.72,0.00,0.00,0.00,0,0,10,0,0,10,0,15,0
21,201607,80,25.52,2,2,0,0,0,1,0,6656.51,190538.20,0.00,0.00,0.00,0,0,3,0,0,9,0,10,0
7,201612,18,5.57,1,2,0,0,0,0,0,519.72,82971.65,0.00,0.00,0.00,12,0,5,0,0,0,0,0,0
7,201611,18,5.48,1,2,0,0,0,0,0,2722.50,82963.92,0.00,0.00,0.00,29,0,11,0,0,16,1,1,2
7,201610,18,5.40,1,2,0,0,0,1,0,1765.40,91653.01,0.00,0.00,0.00,19,0,12,4,0,0,0,4,1
7,201609,18,5.32,1,2,0,0,0,1,0,370.29,102023.39,0.00,0.00,0.00,18,0,9,0,0,0,0,0,0
7,201608,18,5.23,1,2,0,0,0,1,0,2896.79,114005.67,0.00,0.00,0.00,10,0,13,4,0,0,0,0,0
7,201607,18,5.16,1,2,0,0,0,1,0,464.82,145508.62,0.00,0.00,0.00,4,0,13,0,0,2,0,4,0
32,201612,49,18.08,2,0,0,0,0,1,0,5016.96,0.00,0.00,0.00,0.00,0,0,4,0,0,20,0,7,0
32,201611,49,17.99,1,1,0,0,0,1,0,4008.06,3967.53,0.00,0.00,0.00,1,0,7,0,0,15,0,2,0
32,201610,49,17.92,1,1,0,0,0,1,0,3823.73,8590.61,0.00,0.00,0.00,2,0,5,0,0,21,0,3,0
32,201609,49,17.83,1,1,0,0,0,1,0,3923.58,13409.08,0.00,0.00,0.00,3,0,8,0,0,16,0,1,0
32,201608,49,17.75,1,1,0,0,0,1,0,3784.61,21353.25,0.00,0.00,0.00,5,0,5,0,0,13,0,0,0
32,201607,49,17.67,1,1,0,0,0,1,0,3988.77,25553.15,0.00,0.00,0.00,4,0,5,0,0,19,0,2,0
23,201612,29,6.29,1,1,0,0,0,0,0,12933.85,12190.04,0.00,0.00,0.00,0,0,13,0,0,0,1,3,0
23,201611,29,6.21,1,1,0,0,0,0,0,6212.85,18979.89,0.00,0.00,0.00,0,0,9,0,0,6,0,2,0
23,201610,29,6.14,1,1,0,0,0,0,0,6212.85,18979.74,0.00,0.00,0.00,0,0,7,0,0,2,1,15,0
23,201609,28,6.05,1,1,0,0,0,0,0,6212.85,18979.58,0.00,0.00,0.00,0,0,14,0,0,4,0,2,0
23,201608,28,5.97,1,1,0,0,0,0,0,6212.85,18979.41,0.00,0.00,0.00,0,0,2,0,0,1,1,2,0
23,201607,28,5.89,1,1,0,0,0,0,0,5884.92,10438.12,0.00,0.00,0.00,0,0,8,0,0,1,0,6,0
37,201612,83,30.59,3,2,0,0,0,0,0,32007.24,67151.97,0.00,0.00,0.00,0,0,18,0,0,0,0,1,0
37,201611,83,30.50,3,2,0,0,0,0,0,29790.43,67147.41,0.00,0.00,0.00,0,0,14,0,0,1,0,1,0
37,201610,83,30.42,3,2,0,0,0,0,0,36847.43,67142.99,0.00,0.00,0.00,0,0,19,0,0,0,0,1,0
37,201609,83,30.34,3,2,0,0,0,0,0,29556.03,57435.62,0.00,0.00,0.00,0,0,15,0,0,1,0,1,1
37,201608,83,30.25,3,2,0,0,0,0,0,26501.28,51207.71,0.00,0.00,0.00,0,0,17,0,0,0,0,1,0
37,201607,83,30.18,3,2,0,0,0,0,0,31639.09,26944.84,0.00,0.00,0.00,0,0,21,0,0,1,0,0,0
47,201612,70,20.04,1,5,1,0,0,0,0,52586.13,1036516.30,35947.32,0.00,0.00,0,0,2,0,0,0,4,0,0
47,201611,70,19.95,1,5,1,0,0,0,0,43650.40,1036463.47,36304.02,0.00,0.00,0,0,1,0,0,0,4,0,3
47,201610,70,19.88,1,5,1,0,0,0,0,40394.72,1036412.36,36659.31,0.00,0.00,0,0,1,0,0,0,6,0,1
47,201609,70,19.79,1,5,1,0,0,0,0,33592.59,1036359.54,37013.20,0.00,0.00,0,0,1,0,0,0,4,0,1
47,201608,69,19.71,1,5,1,0,0,0,0,27677.63,1036308.44,37365.70,0.00,0.00,0,0,0,0,0,0,4,0,1
47,201607,69,19.63,1,5,1,0,0,0,0,21997.78,1036255.64,37716.80,0.00,0.00,0,0,1,0,0,0,3,0,0
34,201612,71,47.49,3,2,0,0,0,1,0,16223.92,295821.49,0.00,0.00,0.00,0,0,14,0,0,0,0,0,0
34,201611,71,47.40,3,2,0,0,0,1,0,15601.06,295796.85,0.00,0.00,0.00,0,0,10,0,0,0,0,0,0
34,201610,71,47.33,3,2,0,0,0,1,0,15135.10,295773.00,0.00,0.00,0.00,0,0,10,0,0,0,1,1,0
34,201609,71,47.24,3,2,0,0,0,1,0,17392.48,295748.35,0.00,0.00,0.00,0,0,10,0,0,0,0,0,1
34,201608,71,47.16,3,2,0,0,0,1,0,16362.90,295724.50,0.00,0.00,0.00,0,0,15,0,0,0,1,1,0
34,201607,71,47.08,3,2,0,0,0,1,0,15586.74,295699.86,0.00,0.00,0.00,0,0,14,0,0,0,0,0,0
46,201612,48,15.02,1,1,1,0,0,1,0,8912.70,578637.54,582529.57,0.00,0.00,4,0,2,3,0,19,0,0,0
46,201611,48,14.94,1,1,1,0,0,1,0,8083.45,557058.97,584398.34,0.00,0.00,1,0,4,0,0,14,1,0,0
46,201610,48,14.86,1,1,1,0,0,1,0,12052.44,580516.14,585254.70,0.00,0.00,4,0,3,0,0,11,2,4,0
46,201609,48,14.78,1,1,1,0,0,1,0,10358.88,582897.23,586230.30,0.00,0.00,4,0,5,0,0,30,1,10,0
46,201608,48,14.69,1,1,1,0,0,1,0,7797.80,582825.37,587153.82,0.00,0.00,2,0,6,0,0,15,1,11,0
46,201607,48,14.61,1,1,1,0,0,1,0,12135.43,582751.11,588001.02,0.00,0.00,8,0,12,2,0,21,0,14,0
18,201612,19,17.26,1,1,0,0,0,0,0,2679.67,29110.50,0.00,0.00,0.00,0,0,2,0,0,0,1,1,0
18,201611,19,17.17,1,1,0,0,0,0,0,2679.67,29110.26,0.00,0.00,0.00,0,0,0,0,0,0,0,0,0
18,201610,19,17.09,1,1,0,0,0,0,0,2679.67,29110.03,0.00,0.00,0.00,0,0,1,0,0,0,1,1,0
18,201609,19,17.00,1,1,0,0,0,0,0,2679.67,29109.78,0.00,0.00,0.00,0,0,0,0,0,0,0,0,0
18,201608,19,16.93,1,1,0,0,0,0,0,2679.67,29109.53,0.00,0.00,0.00,0,0,1,0,0,0,0,0,0
18,201607,19,16.85,1,1,0,0,0,0,0,2679.67,29109.31,0.00,0.00,0.00,0,0,0,0,0,0,0,0,0
11,201612,29,7.44,1,1,0,0,1,0,0,5724.58,31716.29,0.00,0.00,23219.56,0,0,0,0,0,15,0,6,0
11,201611,29,7.36,1,1,0,0,1,0,0,7169.29,33171.01,0.00,0.00,23368.94,0,0,0,0,0,16,1,14,0
11,201610,29,7.28,1,1,0,0,1,0,0,4314.07,37744.27,0.00,0.00,23508.62,0,0,0,0,0,17,0,17,0
11,201609,29,7.19,1,1,0,0,1,0,0,6196.31,35803.96,0.00,0.00,23634.72,0,0,0,0,0,21,2,5,3
11,201608,29,7.12,1,1,0,0,1,0,0,5332.53,36773.67,0.00,0.00,23788.95,3,0,0,0,0,20,0,7,0
11,201607,29,7.03,1,1,0,0,1,0,0,6565.93,35803.35,0.00,0.00,23927.66,1,0,0,2,0,38,1,14,0
42,201612,29,11.24,1,3,0,0,0,1,0,6620.24,104216.57,0.00,0.00,0.00,0,0,1,0,0,6,0,8,1
42,201611,29,11.16,1,3,0,0,0,1,0,14586.63,120594.08,0.00,0.00,0.00,0,0,2,0,0,4,0,14,1
42,201610,29,11.07,1,3,0,0,0,1,0,14266.42,139703.89,0.00,0.00,0.00,0,0,0,0,0,5,0,14,1
42,201609,29,11.00,1,3,0,0,0,1,0,24438.27,149062.83,0.00,0.00,0.00,1,0,0,0,0,4,0,9,4
42,201608,29,10.92,1,3,0,0,0,1,0,11413.86,168365.45,0.00,0.00,0.00,0,0,0,0,0,3,1,13,3
42,201607,29,10.83,1,3,0,0,0,1,0,7375.15,172993.79,0.00,0.00,0.00,1,0,1,0,0,6,1,14,0
30,201612,83,8.49,2,3,0,0,0,1,0,19794.81,1456972.40,0.00,0.00,0.00,0,0,14,0,0,6,0,0,0
30,201611,83,8.40,2,3,0,0,0,1,0,23910.36,1456884.97,0.00,0.00,0.00,0,0,19,1,0,8,0,0,0
30,201610,83,8.32,2,1,0,0,0,1,0,16875.02,242800.11,0.00,0.00,0.00,0,0,10,0,0,6,0,1,0
30,201609,83,8.23,2,1,0,0,0,1,0,12766.73,257337.29,0.00,0.00,0.00,0,0,12,0,0,7,0,0,0
30,201608,83,8.15,2,1,0,0,0,1,0,11383.96,271874.16,0.00,0.00,0.00,0,0,9,0,0,9,0,1,0
30,201607,83,8.08,2,1,0,0,0,1,0,9855.77,286410.10,0.00,0.00,0.00,0,0,8,0,0,8,0,0,0
40,201612,67,39.73,2,2,1,0,0,1,0,10179.41,65608.84,230657.18,0.00,0.00,10,0,12,0,0,3,2,0,0
40,201611,67,39.65,2,2,1,0,0,1,0,7831.63,63425.84,231764.81,0.00,0.00,12,0,10,1,0,55,2,0,1
40,201610,67,39.56,2,2,1,0,0,1,0,9461.50,67547.82,232869.43,0.00,0.00,11,0,10,0,0,4,4,0,0
40,201609,67,39.49,2,2,1,0,0,1,0,9537.08,78896.17,233971.08,0.00,0.00,6,0,15,0,0,7,3,0,0
40,201608,66,39.41,2,2,1,0,0,1,0,7409.82,79866.39,233971.08,0.00,0.00,10,0,13,0,0,3,2,0,3
40,201607,66,39.32,2,2,1,0,0,1,0,10367.77,88168.05,236165.45,0.00,0.00,12,0,12,0,0,3,2,0,0
24,201612,32,23.52,1,1,0,0,0,1,0,15128.45,121455.48,0.00,0.00,0.00,0,0,0,0,0,81,1,1,0
24,201611,32,23.44,1,1,0,0,0,1,0,15213.71,121454.45,0.00,0.00,0.00,1,0,0,0,0,89,0,1,0
24,201610,32,23.35,1,1,0,0,0,1,0,17543.38,121453.45,0.00,0.00,0.00,0,0,0,0,0,145,1,1,0
24,201609,32,23.28,1,1,0,0,0,1,0,19753.00,121452.41,0.00,0.00,0.00,0,0,3,0,0,207,0,1,0
24,201608,32,23.20,1,1,0,0,0,1,0,4546.39,121451.42,0.00,0.00,0.00,0,0,0,0,0,230,1,1,0
24,201607,32,23.11,1,1,0,0,0,1,0,6034.06,121450.25,0.00,0.00,0.00,0,0,3,0,0,92,0,0,0
43,201612,65,17.13,1,1,0,0,0,0,0,31584.10,55485.35,0.00,0.00,0.00,2,0,2,0,0,15,0,1,0
43,201611,64,17.05,1,1,0,0,0,0,0,28453.89,67123.73,0.00,0.00,0.00,0,4,2,0,0,2,0,3,2
43,201610,64,16.97,1,1,0,0,0,0,0,24798.08,67122.19,0.00,0.00,0.00,2,0,2,0,0,3,0,8,1
43,201609,64,16.89,1,1,0,0,0,0,0,22239.83,67120.43,0.00,0.00,0.00,0,0,2,0,0,5,1,8,6
43,201608,64,16.81,1,1,0,0,0,0,0,20515.62,67118.66,0.00,0.00,0.00,0,2,1,0,0,5,0,7,1
43,201607,64,16.72,1,1,0,0,0,0,0,17782.81,67117.11,0.00,0.00,0.00,0,0,0,0,0,5,0,6,0
3,201612,57,33.78,3,3,1,0,0,1,0,289952.76,89895.84,156413.21,0.00,0.00,0,0,0,0,0,1,1,0,0
3,201611,57,33.70,3,3,1,0,0,1,0,277380.34,88337.90,157065.23,0.00,0.00,0,0,0,0,0,3,2,0,1
3,201610,57,33.61,3,3,1,0,0,1,0,272161.33,88193.23,157713.39,0.00,0.00,1,0,0,0,0,1,2,0,0
3,201609,57,33.54,3,3,1,0,0,1,0,277602.69,87509.93,158357.73,0.00,0.00,1,0,1,0,0,0,2,0,1
3,201608,57,33.46,3,3,1,0,0,1,0,273717.25,84660.36,158998.27,0.00,0.00,0,0,0,0,0,3,2,1,0
3,201607,57,33.37,3,3,1,0,0,1,0,263610.37,83980.71,159635.02,0.00,0.00,2,0,7,0,0,1,1,0,0
8,201612,58,8.14,1,1,0,0,0,0,0,75964.48,243259.90,0.00,0.00,0.00,0,0,1,0,0,4,0,1,0
8,201611,58,8.06,1,1,0,0,0,0,0,60725.85,296607.52,0.00,0.00,0.00,0,0,0,0,0,1,0,1,4
8,201610,58,7.98,1,1,0,0,0,0,0,60811.69,296605.07,0.00,0.00,0.00,0,0,0,0,0,5,0,2,1
8,201609,58,7.90,1,1,0,0,0,0,0,60897.57,296602.56,0.00,0.00,0.00,0,4,3,0,0,5,0,1,2
8,201608,58,7.81,1,1,0,0,0,0,0,60725.70,296283.84,0.00,0.00,0.00,0,0,11,0,0,20,0,0,1
8,201607,58,7.73,1,1,0,0,0,0,0,59365.37,310831.19,0.00,0.00,0.00,0,0,2,0,0,6,1,2,2
49,201612,65,46.67,2,1,0,0,0,0,0,20656.83,6794.90,0.00,0.00,0.00,30,0,4,0,0,7,0,0,0
49,201611,65,46.59,2,1,0,0,0,0,0,16100.55,13584.54,0.00,0.00,0.00,26,0,5,0,0,1,0,0,0
49,201610,65,46.51,2,1,0,0,0,0,0,17798.92,13583.88,0.00,0.00,0.00,26,0,3,0,0,0,0,1,0
49,201609,65,46.42,2,1,0,0,0,0,0,20381.14,13583.19,0.00,0.00,0.00,22,0,2,0,0,4,0,0,0
49,201608,65,46.35,2,1,0,0,0,0,0,33760.20,13582.52,0.00,0.00,0.00,27,0,2,0,0,4,0,0,0
49,201607,65,46.26,2,1,0,0,0,0,0,35411.38,13581.83,0.00,0.00,0.00,25,0,8,0,0,6,0,1,1
25,201612,58,27.74,0,0,0,0,0,0,0,0.00,0.00,0.00,0.00,0.00,0,0,0,0,0,9,0,2,0
25,201611,58,27.66,0,0,0,0,0,0,0,0.00,0.00,0.00,0.00,0.00,0,0,0,0,0,5,0,4,0
25,201610,58,27.58,0,0,0,0,0,0,0,0.00,0.00,0.00,0.00,0.00,0,0,2,0,0,1,0,1,0
25,201609,58,27.50,1,1,0,0,0,0,0,413.74,9998.45,0.00,0.00,0.00,0,0,0,0,0,5,0,1,0
25,201608,58,27.41,1,1,0,0,0,0,0,865.50,9998.32,0.00,0.00,0.00,2,0,9,0,0,24,0,1,0
25,201607,58,27.33,1,1,0,0,0,0,0,4662.81,29883.09,0.00,0.00,0.00,6,0,5,0,0,26,0,0,0
19,201612,44,8.48,1,2,0,0,0,1,0,8336.56,107676.22,0.00,0.00,0.00,2,0,0,0,0,53,0,0,0
19,201611,44,8.39,1,2,0,0,0,1,0,7030.96,104765.39,0.00,0.00,0.00,4,0,0,0,0,74,0,0,0
19,201610,44,8.31,1,2,0,0,0,1,0,6237.13,101854.58,0.00,0.00,0.00,3,0,0,0,0,98,1,7,0
19,201609,44,8.23,1,2,0,0,0,1,0,6925.01,106703.79,0.00,0.00,0.00,4,0,2,0,0,109,0,0,0
19,201608,44,8.14,1,2,0,0,0,1,0,6395.89,104763.46,0.00,0.00,0.00,3,0,0,0,0,94,0,3,1
19,201607,44,8.07,1,2,0,0,0,1,0,6393.02,103307.13,0.00,0.00,0.00,4,0,6,0,0,82,0,4,0
9,201612,35,13.91,1,2,1,0,0,1,0,2492.85,29270.17,102517.75,0.00,0.00,0,0,0,0,0,5,3,31,0
9,201611,35,13.83,1,2,1,0,0,1,0,2356.56,29197.24,103073.57,0.00,0.00,0,0,0,0,0,9,3,4,1
9,201610,35,13.75,1,2,1,0,0,1,0,1216.54,29884.54,103627.59,0.00,0.00,0,0,2,0,0,5,4,8,0
9,201609,34,13.66,1,2,1,0,0,1,0,1672.84,29714.61,104179.83,0.00,0.00,0,0,3,0,0,5,4,8,0
9,201608,34,13.58,1,2,1,0,0,1,0,1403.35,29544.67,104730.30,0.00,0.00,0,0,1,0,0,5,2,9,1
9,201607,34,13.51,1,2,1,0,0,1,0,2506.50,30247.74,105278.99,0.00,0.00,0,0,4,0,0,9,1,18,0
31,201612,35,5.90,1,1,0,0,0,0,0,5188.75,64027.24,0.00,0.00,0.00,0,0,5,0,0,6,0,1,0
31,201611,35,5.81,1,1,0,0,0,0,0,3641.89,61597.87,0.00,0.00,0.00,0,0,2,0,0,8,0,1,1
31,201610,35,5.73,1,1,0,0,0,0,0,3292.43,59655.45,0.00,0.00,0.00,0,0,3,0,0,7,0,0,1
31,201609,34,5.65,1,1,0,0,0,0,0,1614.11,57710.13,0.00,0.00,0.00,0,0,2,0,0,47,1,2,0
31,201608,34,5.57,1,1,0,0,0,0,0,1270.34,55592.36,0.00,0.00,0.00,0,0,3,0,0,45,0,0,0
31,201607,34,5.49,1,1,0,0,0,0,0,1687.05,53120.65,0.00,0.00,0.00,0,0,3,0,0,70,1,1,0
15,201612,52,18.28,5,5,1,1,0,1,0,4980.74,309986.31,132642.33,1286.75,0.00,2,0,2,0,0,23,0,4,0
15,201611,52,18.20,6,5,1,1,0,1,0,4235.36,314660.31,134546.96,2167.21,0.00,0,0,1,0,0,19,1,10,1
15,201610,52,18.11,6,5,1,1,0,1,0,3971.10,318725.70,135501.53,2782.30,0.00,1,0,1,0,0,31,0,12,0
15,201609,52,18.03,6,5,1,1,0,1,0,4364.25,287344.84,136453.72,3395.78,0.00,1,0,0,0,0,59,1,5,0
15,201608,52,17.95,6,5,1,1,0,1,0,8508.95,169238.81,137403.53,4004.69,0.00,1,0,1,0,0,46,0,4,1
15,201607,51,17.87,6,5,1,1,0,1,0,7346.57,182377.04,138350.97,4611.45,0.00,1,0,0,0,0,38,0,7,0
28,201612,62,16.46,3,3,0,0,0,1,0,3095.50,1756.24,0.00,0.00,0.00,6,0,11,0,0,28,0,5,0
28,201611,61,16.39,3,3,0,0,0,1,0,5103.25,1693.16,0.00,0.00,0.00,0,0,8,0,0,24,0,6,0
28,201610,61,16.31,3,3,0,0,0,1,0,7462.76,5320.93,0.00,0.00,0.00,0,0,4,0,0,28,1,4,0
28,201609,61,16.22,3,3,0,0,0,1,0,5254.13,7900.56,0.00,0.00,0.00,0,0,11,0,0,97,1,1,0
28,201608,61,16.14,3,3,0,0,0,1,0,3171.77,3995.63,0.00,0.00,0.00,4,0,9,0,0,102,1,1,0
28,201607,61,16.05,3,3,0,0,0,1,0,3824.63,23744.62,0.00,0.00,0.00,4,0,10,0,0,103,0,0,0
17,201612,79,29.15,2,1,0,1,0,0,0,25040.45,2547.25,0.00,198524.90,0.00,3,0,10,3,0,1,0,0,0
17,201611,79,29.07,2,1,0,1,0,0,0,37477.99,2547.08,0.00,198524.90,0.00,0,0,9,4,0,6,0,0,0
17,201610,79,28.98,2,1,0,1,0,0,0,35835.89,10791.60,0.00,198524.90,0.00,2,0,12,5,0,5,0,0,0
17,201609,79,28.90,2,1,0,1,0,0,0,36408.80,10790.88,0.00,198524.90,0.00,0,0,10,2,0,5,0,0,0
17,201608,79,28.82,2,1,0,1,0,0,0,46631.27,21945.17,0.00,197989.40,0.00,4,0,9,1,0,7,0,0,0
17,201607,79,28.73,2,1,0,1,0,0,0,34515.89,21943.67,0.00,197989.40,0.00,0,0,10,2,0,11,0,0,0
22,201612,50,15.43,3,1,0,0,0,0,0,8226.96,190208.37,0.00,0.00,0.00,1,0,10,0,0,52,0,1,0
22,201611,50,15.35,3,1,0,0,0,0,0,6845.62,203737.35,0.00,0.00,0.00,0,0,10,0,0,33,0,0,0
22,201610,50,15.26,3,1,0,0,0,0,0,6202.70,208578.85,0.00,0.00,0.00,1,0,10,0,0,19,0,1,0
22,201609,50,15.18,3,1,0,0,0,0,0,9233.05,214389.88,0.00,0.00,0.00,5,0,9,0,0,35,0,0,0
22,201608,50,15.10,3,1,0,0,0,0,0,6453.70,215351.01,0.00,0.00,0.00,4,0,13,0,0,41,0,1,0
22,201607,50,15.01,3,1,0,0,0,0,0,11935.46,223320.33,0.00,0.00,0.00,0,0,10,1,0,62,0,0,0
50,201612,20,9.53,1,1,0,0,0,1,0,400.75,15970.88,0.00,0.00,0.00,0,0,0,0,0,4,0,0,0
50,201611,20,9.45,1,1,0,0,0,1,0,340.04,16744.80,0.00,0.00,0.00,0,0,0,0,0,3,0,0,0
50,201610,20,9.36,1,1,0,0,0,1,0,413.71,17511.93,0.00,0.00,0.00,0,0,0,0,0,0,0,2,0
50,201609,20,9.28,1,1,0,0,0,1,0,554.73,18348.89,0.00,0.00,0.00,0,0,0,0,0,2,0,0,0
50,201608,20,9.20,1,1,0,0,0,1,0,206.28,19227.56,0.00,0.00,0.00,2,0,0,0,0,3,0,0,0
50,201607,20,9.11,1,1,0,0,0,1,0,152.71,20138.23,0.00,0.00,0.00,0,0,0,0,0,4,0,2,0
45,201612,14,2.73,1,1,0,0,0,0,0,20.13,2276.78,0.00,0.00,0.00,0,0,1,0,0,3,0,0,0
45,201611,14,2.64,1,1,0,0,0,0,0,16.19,4579.53,0.00,0.00,0.00,0,0,0,0,0,2,0,0,0
45,201610,14,2.56,1,1,0,0,0,0,0,47.65,5682.38,0.00,0.00,0.00,2,0,1,0,0,3,0,3,0
45,201609,14,2.47,1,1,0,0,0,0,0,6.85,7027.72,0.00,0.00,0.00,0,0,0,0,0,3,0,2,0
45,201608,14,2.39,1,1,0,0,0,0,0,57.85,8615.54,0.00,0.00,0.00,0,0,0,0,0,4,0,2,0
45,201607,13,2.31,1,1,0,0,0,0,0,6.85,12881.17,0.00,0.00,0.00,0,0,3,0,0,3,0,0,0
2,201612,38,1.09,1,2,0,0,1,1,0,108.42,373.33,0.00,0.00,12552.47,0,0,3,1,0,4,0,6,0
2,201611,38,1.01,1,2,0,0,1,1,0,1077.95,1847.40,0.00,0.00,12954.05,0,0,2,0,0,7,0,12,0
2,201610,38,0.93,1,2,0,0,1,1,0,592.26,4000.77,0.00,0.00,13349.81,1,0,2,0,0,4,0,17,0
2,201609,38,0.84,1,2,0,0,1,1,0,1166.05,8974.87,0.00,0.00,13745.57,0,0,4,0,0,7,0,5,0
2,201608,38,0.77,1,2,0,0,1,1,0,1151.65,15401.57,0.00,0.00,14139.39,0,0,4,0,0,5,0,11,0
2,201607,38,0.68,1,2,0,0,1,1,0,4302.91,21782.07,0.00,0.00,14486.65,8,0,22,1,0,11,0,7,0
10,201612,26,8.55,1,1,0,0,0,0,0,825.10,123426.33,0.00,0.00,0.00,0,0,15,0,0,2,0,0,0
10,201611,26,8.47,1,1,0,0,0,0,0,6139.30,116330.03,0.00,0.00,0.00,0,0,11,0,0,9,0,0,0
10,201610,26,8.39,1,1,0,0,0,0,0,-0.93,113333.33,0.00,0.00,0.00,2,0,7,0,0,1,0,0,0
10,201609,26,8.30,1,1,0,0,0,0,0,2316.35,109571.00,0.00,0.00,0.00,0,0,8,0,0,0,0,0,0
10,201608,26,8.22,1,1,0,0,0,0,0,4203.46,103992.87,0.00,0.00,0.00,0,0,10,0,0,0,0,0,0
10,201607,26,8.14,1,1,0,0,0,0,0,5384.45,90594.63,0.00,0.00,0.00,0,0,5,0,0,0,0,1,0
36,201612,60,17.46,3,2,0,0,0,0,0,44116.16,116852.48,0.00,0.00,0.00,0,0,5,0,0,27,0,1,0
36,201611,59,17.38,3,2,0,0,0,0,0,41364.72,125479.60,0.00,0.00,0.00,0,0,3,0,0,27,0,1,0
36,201610,59,17.30,3,2,0,0,0,0,0,77833.76,119159.06,0.00,0.00,0.00,0,0,3,0,0,27,0,2,0
36,201609,59,17.22,3,2,0,0,0,0,0,167974.64,154756.88,0.00,0.00,0.00,0,0,7,0,0,28,0,1,0
36,201608,59,17.14,3,2,0,0,0,0,0,33685.14,44224.72,0.00,0.00,0.00,1,0,6,0,0,24,0,1,0
36,201607,59,17.05,3,2,0,0,0,0,0,95579.78,26229.40,0.00,0.00,0.00,2,0,13,0,0,45,0,1,0
13,201612,73,18.82,1,1,1,0,1,0,0,1822.34,40142.23,161547.10,0.00,5492.81,2,0,9,2,0,0,1,1,0
13,201611,73,18.73,1,1,1,0,1,0,0,2548.88,35991.70,161846.42,0.00,5678.08,9,0,3,0,0,1,2,1,0
13,201610,72,18.65,1,1,1,0,1,0,0,2292.33,35923.35,162144.44,0.00,5862.38,9,0,6,2,0,0,1,1,0
13,201609,72,18.56,1,1,1,0,1,0,0,1830.12,40288.03,162441.16,0.00,6046.68,11,0,4,1,0,1,3,1,0
13,201608,72,18.48,1,1,1,0,1,0,0,2138.46,36923.46,162736.58,0.00,6230.01,4,0,11,0,0,0,1,0,0
13,201607,72,18.41,1,1,1,0,1,0,0,3099.44,35954.91,163030.71,0.00,6410.43,2,0,4,0,0,0,2,2,1
16,201612,67,33.19,1,1,0,0,0,1,0,907.01,3793.02,0.00,0.00,0.00,0,0,3,0,0,4,0,0,0
16,201611,67,33.12,1,1,0,0,0,1,0,1245.47,4277.93,0.00,0.00,0.00,2,0,5,0,0,7,0,0,0
16,201610,67,33.04,1,1,0,0,0,1,0,1490.66,6702.76,0.00,0.00,0.00,0,0,2,0,0,7,0,0,0
16,201609,67,32.95,1,1,0,0,0,1,0,1645.82,16402.41,0.00,0.00,0.00,2,0,5,0,0,7,0,0,0
16,201608,66,32.87,1,1,0,0,0,1,0,980.29,18826.90,0.00,0.00,0.00,2,0,4,0,0,4,0,0,2
16,201607,66,32.79,1,1,0,0,0,1,0,1019.61,21736.63,0.00,0.00,0.00,0,0,3,0,0,13,0,0,0
38,201612,47,18.92,1,5,1,0,0,0,0,51341.36,476176.17,236024.76,0.00,0.00,0,0,2,0,0,0,0,0,0
38,201611,47,18.84,1,5,1,0,0,0,0,50646.50,476546.77,238288.94,0.00,0.00,0,0,4,0,0,1,1,0,2
38,201610,47,18.76,1,5,1,0,0,0,0,30923.90,724925.45,240069.43,0.00,0.00,0,0,2,1,0,0,1,0,1
38,201609,47,18.68,1,5,1,0,0,0,0,44710.53,724809.00,242172.50,0.00,0.00,0,0,3,0,0,0,2,1,1
38,201608,46,18.59,2,5,1,0,0,0,0,88442.67,728954.74,244420.57,0.00,0.00,0,0,2,0,0,0,0,0,1
38,201607,46,18.51,2,5,1,0,0,0,0,45098.11,749191.64,246512.23,0.00,0.00,0,0,6,0,0,0,1,2,0
1,201612,59,11.85,2,7,0,0,0,1,0,6642.50,31265.61,0.00,0.00,0.00,5,0,11,0,0,29,1,14,0
1,201611,59,11.76,2,7,0,0,0,1,0,10488.10,36489.03,0.00,0.00,0.00,6,0,8,0,0,31,1,11,0
1,201610,59,11.68,2,7,0,0,0,1,0,12193.84,31643.84,0.00,0.00,0.00,5,0,13,0,0,39,1,18,0
1,201609,59,11.59,1,7,0,0,0,1,0,8228.42,38493.89,0.00,0.00,0.00,9,0,10,0,0,33,0,7,0
1,201608,59,11.52,1,7,0,0,0,1,0,762.69,47539.18,0.00,0.00,0.00,2,0,10,0,0,53,2,9,1
1,201607,59,11.44,1,7,0,0,0,1,0,4303.96,42494.87,0.00,0.00,0.00,4,0,6,0,0,49,0,13,0
29,201612,37,17.91,1,5,1,0,0,1,0,27169.93,45802.36,93953.09,0.00,0.00,4,0,1,0,0,20,2,3,0
29,201611,37,17.83,1,5,1,0,0,1,0,24720.15,45801.91,94229.25,0.00,0.00,6,0,2,0,0,24,2,7,3
29,201610,36,17.74,1,5,1,0,0,1,0,23738.77,45801.49,94479.85,0.00,0.00,5,0,2,0,0,27,3,9,1
29,201609,36,17.66,1,5,1,0,0,1,0,23266.90,45801.03,94753.78,0.00,0.00,8,0,0,0,0,34,3,6,3
29,201608,36,17.58,1,5,1,0,0,1,0,19214.39,45800.56,95026.54,0.00,0.00,6,0,0,0,0,34,2,8,2
29,201607,36,17.49,1,5,1,0,0,1,0,16668.51,45800.14,95273.75,0.00,0.00,8,0,1,0,0,21,1,10,0
48,201612,74,14.07,1,2,1,0,0,1,0,3587.72,17023.05,87498.06,0.00,0.00,0,0,6,0,0,9,3,0,0
48,201611,73,13.99,1,2,1,0,0,1,0,4048.80,13868.47,88711.70,0.00,0.00,1,0,6,0,0,10,2,1,2
48,201610,73,13.91,1,2,1,0,0,1,0,9798.70,12937.64,89898.37,0.00,0.00,0,0,2,0,0,11,4,3,1
48,201609,73,13.83,1,2,1,0,0,1,0,831.81,18394.72,91082.57,0.00,0.00,1,0,5,0,0,10,3,0,1
48,201608,73,13.74,1,2,1,0,0,1,0,3432.06,19120.13,92264.32,0.00,0.00,1,0,10,0,0,10,2,0,1
48,201607,73,13.66,1,2,1,0,0,1,0,3695.67,20872.59,93468.05,0.00,0.00,2,0,4,0,0,9,1,1,0
